{"cameraMode":{"drawMode":0,"name":"Shaded","section":"Shading Mode"},"sceneLighting":true,"audioPlay":false,"sceneViewState":{"m_AlwaysRefresh":false,"showFog":true,"showSkybox":true,"showFlares":true,"showImageEffects":true,"showParticleSystems":true,"showVisualEffectGraphs":true,"m_FxEnabled":true},"in2DMode":false,"pivot":{"x":-1.7793103456497193,"y":2.8814220428466799,"z":-0.0672747939825058},"rotation":{"x":-0.03589409962296486,"y":0.7133442759513855,"z":-0.03663308173418045,"w":-0.6989399194717407},"size":1.6433489322662354,"orthographic":false}