{"cameraMode":{"drawMode":0,"name":"Shaded","section":"Shading Mode"},"sceneLighting":true,"audioPlay":false,"sceneViewState":{"m_AlwaysRefresh":false,"showFog":true,"showSkybox":true,"showFlares":true,"showImageEffects":true,"showParticleSystems":true,"showVisualEffectGraphs":true,"m_FxEnabled":true},"in2DMode":false,"pivot":{"x":-1.2849254608154297,"y":0.8395867347717285,"z":-1.7430070638656617},"rotation":{"x":-0.12868182361125947,"y":0.7301127314567566,"z":-0.14330190420150758,"w":-0.6556284427642822},"size":5.889822006225586,"orthographic":false}